point_type,avg_x,avg_y
1,195.85269,177.69022
2,205.44987,185.13304
3,181.32903,199.26639
4,122.40778,184.7799
5,146.33722,176.62552
